name,email
vnelson,tammy24@example.com
hayesbrian,pamela09@example.net
bsosa,lwebb@example.com
simpsonfred,delacruzkristopher@example.com
uhampton,hughesvanessa@example.com
melissajohnson,katrinalarsen@example.com
vargasjulia,lindareyes@example.com
holtphilip,reginaglover@example.net
nancy30,ashleythompson@example.org
daniel32,mary58@example.net
ymiller,duaneshields@example.net
jamesbates,mnelson@example.org
lwatson,zacharybauer@example.org
xporter,terridiaz@example.org
gallegosmichael,elizabeth62@example.com
kevin51,perrybarbara@example.org
pnorris,isanchez@example.net
matthew70,justin13@example.com
mackchristopher,lgallagher@example.com
aramirez,williamrivera@example.org
ymorrison,chuffman@example.org
ronnie43,simmonsamy@example.org
smiller,petersonmatthew@example.com
woodgeorge,rshah@example.com
yhall,david05@example.org
johnathan07,lindsey66@example.net
samuelallen,kellyfuller@example.net
gsalinas,qpeterson@example.com
destiny56,cmcmillan@example.net
dharvey,mcdonaldsandy@example.org
pmoreno,kathleenrojas@example.net
linda37,gregory94@example.net
millermichelle,isabellawalker@example.com
krowe,ubrooks@example.net
fletchercarl,htaylor@example.org
catherinejones,obrown@example.com
michellejohnson,cindywalker@example.com
rkeller,mschroeder@example.org
gbuchanan,ryan24@example.net
hdixon,ssmith@example.net
jason40,qburns@example.net
lisa39,nharmon@example.com
josephsalazar,michael97@example.org
david71,sheparddavid@example.org
mistyjackson,tbarton@example.com
barajascassandra,matthew61@example.org
sarah15,justinbarber@example.net
buchananjennifer,burnschristina@example.org
yfuller,edwardkelly@example.com
mccoyharold,mollyparker@example.org
wbrown,justin41@example.net
jasonherrera,kayla01@example.com
alexandria96,sawyerrobert@example.net
melissavillanueva,andrea80@example.net
eelliott,ehoward@example.org
ncraig,becktimothy@example.net
jeremyflores,christopherhouston@example.net
nicholas45,yedwards@example.com
emily81,christopherfry@example.net
davidreyes,zjohnson@example.com
roblesbenjamin,caldwelllaura@example.org
wilsonmichelle,dana04@example.com
robertcortez,simpsonalbert@example.net
tara31,christopherrussell@example.net
loribryan,heatherbradley@example.net
wilsonsabrina,ijames@example.com
martinandrew,priceteresa@example.com
moorejason,sbrown@example.net
garrettmann,tyates@example.net
juliantorres,mannsherri@example.net
ann83,patriciagonzalez@example.org
ptorres,amandapalmer@example.com
pdennis,yolanda93@example.org
michael14,heatherriddle@example.org
george37,michael75@example.com
sandra53,kthomas@example.net
karinapowell,jessica90@example.net
cwolf,barkercatherine@example.com
david16,hblack@example.com
leeisaac,charlesfleming@example.org
scott59,fbauer@example.com
roachmegan,cherylwalker@example.org
thompsonlogan,johnrocha@example.com
janicelawrence,qjimenez@example.com
valeriehall,kaneadam@example.net
jasonbooker,vrobinson@example.net
penningtonmichael,qparker@example.org
jonathanmoore,mbarajas@example.net
ofoley,melissa50@example.com
peggydominguez,bentondeborah@example.com
srose,nashdenise@example.com
gutierrezkenneth,megan05@example.net
ucole,robertreyes@example.net
smiller,matthew33@example.org
bfletcher,lauren22@example.net
darren24,rturner@example.org
wolson,julia67@example.com
ahall,palmertina@example.net
ndavis,mshaffer@example.org
alan48,smithholly@example.com
michael52,harrischarles@example.org
abigail18,cvazquez@example.org
erickirby,meredith78@example.com
kimberlyromero,tiffany48@example.net
jacksonlaura,chaneysandra@example.org
xdixon,timothy26@example.net
marissa27,lbennett@example.net
meredith48,hconrad@example.org
angelaali,richardsonchristopher@example.com
emily97,michaelcarr@example.com
cynthiasalazar,jeremy33@example.net
garciaryan,kprice@example.net
stacey91,sarahduncan@example.com
michaelhouse,cynthiadelgado@example.com
rothkenneth,zdelacruz@example.net
patriciadonaldson,jamesfuller@example.org
sheila70,jeffrey60@example.com
kenneth73,robertcoleman@example.net
htaylor,erikacarr@example.org
ysherman,patriciahardy@example.com
tina18,allenjustin@example.com
jade10,larsonmarilyn@example.org
johnsonrita,angela63@example.com
linda40,perezmichael@example.org
patrickhale,janet34@example.com
rogersalexandra,cooperclayton@example.net
melissa45,christy98@example.org
gregoryhenderson,heather82@example.org
bethany33,ian22@example.org
joseph34,howardchristopher@example.com
schapman,charris@example.net
iharris,rhonda69@example.com
tashapowell,rlindsey@example.com
hgaines,conniehernandez@example.com
sotosteven,jamesrobert@example.org
buchananthomas,ashleywhite@example.com
ggonzales,oaguilar@example.org
joseph25,john82@example.net
jhale,karen31@example.net
hprice,briansanchez@example.net
schwartzdillon,alexandraarnold@example.com
amanda65,umorris@example.com
lking,thomaserin@example.com
amandathompson,hoffmandavid@example.com
jonesanna,kdavies@example.com
todd95,medinarobert@example.net
gina87,dunnapril@example.com
nicolevelasquez,flee@example.org
fgardner,pamela70@example.net
charles51,rosejay@example.com
matthewdaniels,garycruz@example.com
silvapaul,jacquelinezuniga@example.com
peterdixon,rhodesmatthew@example.org
ashleywalker,mario75@example.net
tcastillo,glennbennett@example.net
nancywilcox,vgreen@example.org
hharrison,craig23@example.com
shodges,lauramartinez@example.net
wardwhitney,kathleenhinton@example.net
greeneeric,nicholelivingston@example.net
tiffany95,wolfbrian@example.org
troberts,kimberlythompson@example.net
gkey,vincent04@example.com
elizabethfuller,xhughes@example.org
daniellechase,robinsonryan@example.org
gregoryortiz,franciscodixon@example.com
connor07,sphillips@example.com
chapmanrachel,jason55@example.net
fisherpaige,charlenecoffey@example.com
klewis,angela78@example.net
gutierrezstephanie,fisherkevin@example.org
robertreynolds,coxkristen@example.net
twoods,pallen@example.com
jamessims,heathergreen@example.com
sanchezdaniel,econrad@example.com
amanda29,donaldhudson@example.net
hbraun,ugoodman@example.com
crystalking,daniel30@example.com
rileyjohnny,leroy72@example.org